{"cameraMode":{"drawMode":0,"name":"Shaded","section":"Shading Mode"},"sceneLighting":true,"audioPlay":false,"sceneViewState":{"showFog":true,"showMaterialUpdate":false,"showSkybox":true,"showFlares":true,"showImageEffects":true,"showParticleSystems":true},"in2DMode":false,"pivot":{"x":-124.7448959350586,"y":-11.307567596435547,"z":-61.92518615722656},"rotation":{"x":-0.06832554191350937,"y":0.9295572638511658,"z":-0.22158478200435639,"w":-0.2866281569004059},"size":88.8843994140625,"orthographic":false}